"Sample    : Lon19 PS L02f",
"Operator  : Rosana Astolfo",
"Comment  : ",
"Group     : Mariana_30MINUTOS",
"Date       : 2020-10-13 13:17:08",
"",
"Mesurement Condition",
"------------------------------------------------------------------------------------",
"Instrument : 700HS2   Atmosphere : Vac.   Collimator : 10(mm)   Spin : No",
"------------------------------------------------------------------------------------",
"Analyte               TG kV   uA      FI Acq.(keV)  Anal.(keV)  Time(sec)     DT(%)",
"------------------------------------------------------------------------------------",
"Na                    Rh 50 1000-Auto Al  0 - 20    0.8 - 1.2   Live -  959    6",
"",
"<Profile>",
"Channel_info_start",
"Channel : Na",
"Points : 2048",
"Range : 0.000000 - 20.480000",
"Step : 0.010000",
"Channel_info_end",
"0",
"0",
"0",
"0",
"0",
"0",
"0",
"0",
"0",
"0",
"0",
"0",
"0",
"0",
"0",
"0",
"1",
"0",
"0",
"0",
"0",
"0",
"0",
"0",
"0",
"0",
"1",
"3",
"3",
"7",
"50",
"100",
"124",
"104",
"92",
"110",
"88",
"121",
"92",
"103",
"87",
"103",
"88",
"110",
"113",
"103",
"102",
"96",
"96",
"95",
"98",
"97",
"116",
"120",
"97",
"113",
"127",
"125",
"134",
"135",
"157",
"142",
"146",
"186",
"165",
"190",
"175",
"203",
"162",
"203",
"162",
"151",
"153",
"158",
"107",
"138",
"131",
"120",
"104",
"90",
"107",
"78",
"93",
"101",
"86",
"77",
"73",
"75",
"89",
"93",
"84",
"94",
"84",
"98",
"101",
"95",
"80",
"104",
"77",
"97",
"94",
"111",
"100",
"113",
"106",
"109",
"94",
"98",
"95",
"116",
"93",
"76",
"80",
"105",
"89",
"87",
"90",
"96",
"103",
"109",
"98",
"98",
"95",
"104",
"93",
"104",
"86",
"107",
"108",
"87",
"83",
"93",
"86",
"85",
"88",
"93",
"76",
"100",
"108",
"118",
"132",
"132",
"157",
"193",
"187",
"211",
"214",
"267",
"249",
"263",
"249",
"261",
"282",
"278",
"251",
"227",
"187",
"221",
"184",
"176",
"152",
"134",
"146",
"156",
"134",
"166",
"179",
"219",
"257",
"321",
"323",
"360",
"413",
"434",
"440",
"472",
"415",
"467",
"421",
"402",
"341",
"333",
"276",
"270",
"216",
"183",
"144",
"128",
"128",
"132",
"117",
"134",
"114",
"114",
"107",
"110",
"117",
"113",
"99",
"114",
"116",
"137",
"103",
"117",
"117",
"125",
"105",
"126",
"113",
"128",
"103",
"97",
"115",
"110",
"121",
"125",
"112",
"161",
"146",
"175",
"202",
"274",
"314",
"411",
"511",
"648",
"713",
"836",
"916",
"1028",
"1012",
"1131",
"1088",
"1206",
"1020",
"1013",
"956",
"865",
"742",
"652",
"486",
"444",
"323",
"269",
"233",
"195",
"180",
"174",
"123",
"141",
"120",
"123",
"144",
"113",
"115",
"111",
"99",
"109",
"111",
"113",
"94",
"113",
"98",
"96",
"115",
"110",
"125",
"99",
"120",
"120",
"108",
"116",
"100",
"118",
"100",
"118",
"98",
"120",
"108",
"116",
"103",
"113",
"99",
"118",
"99",
"133",
"112",
"105",
"94",
"123",
"103",
"109",
"99",
"112",
"85",
"101",
"100",
"118",
"98",
"94",
"90",
"102",
"78",
"91",
"83",
"88",
"121",
"96",
"97",
"93",
"108",
"111",
"93",
"117",
"109",
"127",
"125",
"178",
"223",
"285",
"356",
"492",
"608",
"778",
"942",
"1254",
"1367",
"1721",
"1888",
"2132",
"2170",
"2360",
"2436",
"2412",
"2278",
"2392",
"2053",
"2037",
"1619",
"1492",
"1220",
"1038",
"750",
"619",
"499",
"405",
"278",
"258",
"193",
"186",
"205",
"194",
"217",
"265",
"275",
"297",
"339",
"385",
"393",
"455",
"433",
"485",
"526",
"552",
"591",
"629",
"586",
"627",
"565",
"575",
"543",
"550",
"497",
"504",
"439",
"368",
"379",
"356",
"245",
"258",
"221",
"216",
"168",
"178",
"145",
"142",
"117",
"121",
"113",
"124",
"113",
"120",
"125",
"117",
"140",
"150",
"118",
"169",
"169",
"173",
"158",
"154",
"194",
"191",
"157",
"171",
"144",
"173",
"183",
"166",
"145",
"161",
"137",
"167",
"128",
"162",
"158",
"134",
"130",
"167",
"136",
"148",
"149",
"153",
"163",
"160",
"172",
"161",
"162",
"149",
"158",
"173",
"156",
"156",
"174",
"189",
"183",
"178",
"216",
"214",
"268",
"277",
"320",
"303",
"389",
"428",
"439",
"504",
"487",
"559",
"547",
"595",
"560",
"596",
"583",
"600",
"533",
"528",
"481",
"463",
"416",
"411",
"338",
"358",
"280",
"331",
"283",
"290",
"292",
"287",
"269",
"257",
"261",
"282",
"257",
"268",
"256",
"261",
"265",
"281",
"252",
"293",
"258",
"233",
"254",
"334",
"282",
"272",
"305",
"308",
"315",
"323",
"317",
"350",
"331",
"340",
"346",
"340",
"298",
"327",
"300",
"352",
"299",
"298",
"296",
"316",
"296",
"307",
"279",
"261",
"248",
"315",
"304",
"284",
"305",
"298",
"298",
"322",
"271",
"296",
"290",
"327",
"307",
"305",
"327",
"353",
"302",
"373",
"314",
"339",
"351",
"366",
"316",
"367",
"348",
"395",
"424",
"406",
"425",
"429",
"425",
"416",
"470",
"439",
"414",
"444",
"440",
"441",
"408",
"412",
"403",
"435",
"392",
"421",
"367",
"413",
"398",
"435",
"401",
"426",
"356",
"393",
"402",
"404",
"382",
"441",
"409",
"406",
"412",
"437",
"418",
"437",
"475",
"439",
"452",
"463",
"471",
"479",
"497",
"489",
"450",
"512",
"491",
"524",
"526",
"582",
"491",
"538",
"524",
"563",
"523",
"580",
"526",
"559",
"572",
"578",
"541",
"546",
"542",
"554",
"528",
"545",
"530",
"569",
"556",
"563",
"528",
"520",
"576",
"529",
"531",
"591",
"533",
"592",
"586",
"668",
"608",
"640",
"624",
"717",
"686",
"805",
"769",
"944",
"1048",
"1223",
"1480",
"1744",
"1970",
"2446",
"2743",
"3253",
"3778",
"4368",
"4582",
"5151",
"5727",
"6020",
"6235",
"6984",
"6290",
"6873",
"6280",
"6266",
"5808",
"5788",
"4961",
"4887",
"4216",
"3817",
"3122",
"2850",
"2284",
"2127",
"1721",
"1522",
"1144",
"1129",
"958",
"901",
"802",
"808",
"688",
"726",
"730",
"728",
"675",
"659",
"681",
"740",
"634",
"727",
"727",
"746",
"690",
"721",
"708",
"743",
"709",
"726",
"679",
"737",
"703",
"753",
"689",
"728",
"751",
"799",
"751",
"862",
"788",
"921",
"903",
"915",
"936",
"1040",
"1075",
"1152",
"1208",
"1252",
"1295",
"1386",
"1418",
"1467",
"1487",
"1552",
"1389",
"1500",
"1474",
"1460",
"1301",
"1406",
"1280",
"1193",
"1143",
"1126",
"998",
"980",
"909",
"900",
"851",
"892",
"743",
"811",
"769",
"835",
"730",
"750",
"714",
"745",
"648",
"741",
"752",
"721",
"693",
"746",
"717",
"792",
"689",
"779",
"746",
"714",
"702",
"745",
"765",
"712",
"696",
"746",
"719",
"812",
"713",
"723",
"693",
"753",
"714",
"736",
"741",
"736",
"742",
"757",
"658",
"732",
"709",
"755",
"746",
"712",
"733",
"711",
"792",
"798",
"714",
"810",
"788",
"813",
"705",
"761",
"732",
"833",
"730",
"807",
"792",
"820",
"769",
"821",
"790",
"805",
"793",
"840",
"876",
"854",
"844",
"942",
"915",
"971",
"905",
"998",
"1015",
"1075",
"1025",
"1111",
"1114",
"1109",
"1090",
"1138",
"1127",
"1084",
"1069",
"1076",
"1076",
"1076",
"959",
"997",
"904",
"877",
"856",
"872",
"774",
"811",
"727",
"779",
"714",
"732",
"655",
"687",
"633",
"647",
"649",
"647",
"636",
"686",
"612",
"620",
"668",
"655",
"627",
"670",
"648",
"632",
"644",
"693",
"651",
"682",
"625",
"681",
"618",
"664",
"690",
"704",
"656",
"735",
"695",
"697",
"715",
"798",
"759",
"843",
"900",
"894",
"832",
"898",
"911",
"996",
"929",
"936",
"968",
"959",
"838",
"930",
"851",
"915",
"789",
"856",
"813",
"809",
"739",
"771",
"706",
"706",
"652",
"694",
"679",
"697",
"677",
"646",
"659",
"730",
"609",
"615",
"685",
"688",
"684",
"680",
"666",
"656",
"627",
"635",
"637",
"611",
"617",
"598",
"656",
"636",
"600",
"630",
"593",
"637",
"590",
"652",
"635",
"609",
"544",
"605",
"627",
"625",
"595",
"631",
"623",
"612",
"589",
"561",
"604",
"626",
"567",
"579",
"586",
"581",
"597",
"598",
"584",
"597",
"587",
"637",
"587",
"582",
"588",
"614",
"577",
"590",
"569",
"563",
"614",
"622",
"548",
"622",
"600",
"605",
"584",
"610",
"604",
"664",
"629",
"585",
"581",
"668",
"612",
"616",
"604",
"628",
"642",
"643",
"639",
"650",
"609",
"618",
"596",
"611",
"592",
"638",
"578",
"634",
"529",
"586",
"587",
"642",
"565",
"622",
"583",
"610",
"583",
"568",
"554",
"574",
"591",
"596",
"669",
"571",
"552",
"615",
"565",
"591",
"573",
"564",
"593",
"598",
"586",
"643",
"609",
"565",
"593",
"569",
"569",
"591",
"566",
"571",
"565",
"622",
"586",
"583",
"585",
"583",
"559",
"554",
"584",
"566",
"573",
"596",
"567",
"578",
"554",
"562",
"593",
"609",
"580",
"599",
"591",
"574",
"530",
"586",
"546",
"565",
"587",
"608",
"581",
"576",
"559",
"584",
"582",
"574",
"556",
"597",
"613",
"572",
"598",
"615",
"592",
"607",
"564",
"612",
"608",
"630",
"584",
"598",
"638",
"594",
"588",
"626",
"638",
"632",
"569",
"627",
"626",
"627",
"592",
"605",
"597",
"619",
"592",
"600",
"607",
"632",
"609",
"605",
"586",
"631",
"596",
"607",
"607",
"612",
"599",
"594",
"629",
"606",
"602",
"591",
"629",
"583",
"600",
"599",
"568",
"600",
"590",
"570",
"598",
"595",
"585",
"580",
"557",
"626",
"596",
"602",
"554",
"648",
"603",
"643",
"606",
"617",
"610",
"607",
"555",
"607",
"588",
"606",
"584",
"605",
"562",
"555",
"617",
"622",
"633",
"568",
"627",
"606",
"554",
"549",
"547",
"559",
"593",
"590",
"604",
"597",
"586",
"595",
"608",
"588",
"574",
"610",
"582",
"640",
"603",
"565",
"615",
"606",
"625",
"608",
"576",
"556",
"589",
"573",
"576",
"619",
"526",
"603",
"561",
"591",
"590",
"546",
"632",
"598",
"504",
"591",
"557",
"562",
"568",
"572",
"531",
"565",
"541",
"591",
"566",
"568",
"521",
"568",
"578",
"593",
"521",
"577",
"553",
"610",
"535",
"554",
"573",
"577",
"539",
"549",
"616",
"615",
"536",
"607",
"583",
"548",
"594",
"606",
"580",
"560",
"579",
"589",
"587",
"594",
"586",
"576",
"546",
"552",
"539",
"607",
"546",
"552",
"539",
"518",
"538",
"567",
"534",
"513",
"545",
"490",
"519",
"566",
"561",
"540",
"498",
"547",
"514",
"522",
"483",
"468",
"541",
"563",
"473",
"549",
"560",
"557",
"522",
"565",
"565",
"523",
"508",
"538",
"526",
"519",
"478",
"513",
"509",
"532",
"534",
"579",
"533",
"538",
"483",
"477",
"545",
"532",
"519",
"519",
"484",
"506",
"509",
"534",
"545",
"535",
"486",
"545",
"491",
"555",
"504",
"527",
"528",
"540",
"494",
"496",
"492",
"567",
"518",
"551",
"521",
"492",
"510",
"525",
"480",
"539",
"488",
"540",
"505",
"493",
"517",
"500",
"527",
"508",
"506",
"513",
"555",
"506",
"463",
"480",
"542",
"545",
"509",
"503",
"501",
"529",
"449",
"553",
"494",
"501",
"495",
"572",
"496",
"549",
"520",
"541",
"519",
"529",
"457",
"491",
"526",
"475",
"460",
"488",
"531",
"541",
"483",
"531",
"511",
"548",
"490",
"513",
"537",
"497",
"474",
"503",
"504",
"498",
"450",
"511",
"501",
"511",
"519",
"527",
"514",
"524",
"516",
"523",
"516",
"516",
"497",
"524",
"525",
"525",
"512",
"528",
"480",
"495",
"486",
"496",
"489",
"469",
"439",
"509",
"505",
"477",
"452",
"482",
"474",
"509",
"483",
"449",
"524",
"499",
"500",
"500",
"497",
"499",
"484",
"471",
"458",
"526",
"490",
"469",
"487",
"494",
"489",
"459",
"474",
"494",
"470",
"469",
"478",
"463",
"455",
"481",
"503",
"487",
"453",
"455",
"513",
"496",
"495",
"476",
"464",
"471",
"418",
"467",
"487",
"463",
"428",
"489",
"429",
"519",
"451",
"504",
"503",
"498",
"423",
"418",
"475",
"502",
"448",
"474",
"501",
"465",
"480",
"419",
"474",
"486",
"417",
"418",
"439",
"445",
"441",
"430",
"461",
"473",
"430",
"429",
"454",
"419",
"415",
"451",
"444",
"426",
"439",
"463",
"456",
"420",
"442",
"441",
"435",
"442",
"447",
"484",
"436",
"414",
"442",
"432",
"429",
"432",
"436",
"446",
"459",
"470",
"454",
"392",
"469",
"449",
"402",
"424",
"454",
"433",
"397",
"421",
"409",
"411",
"429",
"419",
"446",
"426",
"416",
"430",
"418",
"444",
"442",
"394",
"409",
"458",
"421",
"425",
"421",
"450",
"390",
"429",
"432",
"420",
"395",
"405",
"410",
"392",
"407",
"356",
"453",
"433",
"401",
"387",
"430",
"442",
"397",
"415",
"406",
"419",
"397",
"441",
"386",
"401",
"414",
"400",
"442",
"420",
"395",
"382",
"386",
"422",
"398",
"403",
"431",
"437",
"384",
"423",
"413",
"379",
"412",
"398",
"403",
"443",
"417",
"405",
"384",
"422",
"380",
"399",
"431",
"412",
"361",
"402",
"406",
"388",
"388",
"385",
"419",
"440",
"369",
"382",
"404",
"364",
"392",
"414",
"359",
"388",
"398",
"401",
"387",
"414",
"385",
"393",
"417",
"407",
"398",
"358",
"392",
"411",
"397",
"418",
"417",
"419",
"403",
"377",
"411",
"412",
"406",
"427",
"396",
"442",
"399",
"415",
"412",
"379",
"395",
"425",
"452",
"383",
"354",
"401",
"383",
"384",
"377",
"399",
"379",
"406",
"437",
"365",
"373",
"388",
"367",
"385",
"370",
"359",
"371",
"368",
"387",
"363",
"405",
"386",
"383",
"395",
"369",
"375",
"363",
"370",
"370",
"401",
"376",
"415",
"345",
"388",
"400",
"356",
"371",
"389",
"382",
"367",
"382",
"366",
"354",
"383",
"387",
"396",
"376",
"391",
"385",
"381",
"404",
"380",
"355",
"400",
"360",
"367",
"357",
"349",
"376",
"388",
"380",
"352",
"380",
"395",
"364",
"355",
"414",
"405",
"384",
"376",
"382",
"424",
"360",
"338",
"361",
"353",
"337",
"358",
"380",
"402",
"350",
"384",
"349",
"374",
"362",
"360",
"368",
"379",
"355",
"378",
"375",
"366",
"349",
"376",
"383",
"363",
"357",
"366",
"360",
"339",
"371",
"361",
"380",
"343",
"355",
"389",
"346",
"389",
"362",
"353",
"354",
"387",
"359",
"319",
"363",
"375",
"362",
"359",
"380",
"360",
"354",
"406",
"370",
"371",
"339",
"393",
"388",
"386",
"352",
"402",
"372",
"361",
"347",
"366",
"381",
"364",
"373",
"385",
"379",
"395",
"364",
"392",
"366",
"345",
"349",
"364",
"373",
"401",
"358",
"396",
"360",
"374",
"362",
"370",
"387",
"374",
"336",
"354",
"303",
"357",
"329",
"375",
"409",
"343",
"354",
"353",
"356",
"368",
"357",
"363",
"370",
"365",
"356",
"331",
"386",
"421",
"388",
"347",
"368",
"375",
"367",
"354",
"366",
"362",
"353",
"362",
"390",
"363",
"356",
"360",
"362",
"371",
"361",
"369",
"385",
"412",
"382",
"353",
"374",
"339",
"389",
"361",
"413",
"403",
"373",
"372",
"419",
"401",
"443",
"393",
"373",
"403",
"401",
"398",
"415",
"402",
"379",
"394",
"410",
"439",
"370",
"437",
"446",
"419",
"413",
"443",
"427",
"401",
"412",
"416",
"457",
"419",
"422",
"433",
"421",
"428",
"421",
"446",
"478",
"452",
"423",
"417",
"440",
"444",
"439",
"469",
"466",
"484",
"489",
"483",
"510",
"474",
"471",
"515",
"485",
"569",
"452",
"533",
"485",
"506",
"499",
"521",
"577",
"588",
"524",
"573",
"592",
"604",
"598",
"596",
"686",
"652",
"641",
"671",
"691",
"688",
"689",
"737",
"804",
"825",
"790",
"743",
"874",
"877",
"885",
"927",
"911",
"992",
"970",
"1029",
"1094",
"1186",
"1151",
"1202",
"1241",
"1296",
"1285",
"1330",
"1395",
"1487",
"1489",
"1472",
"1655",
"1605",
"1551",
"1665",
"1739",
"1776",
"1815",
"1846",
"2001",
"1996",
"1932",
"2104",
"2148",
"2213",
"2046",
"2128",
"2263",
"2287",
"2183",
"2313",
"2371",
"2339",
"2292",
"2292",
"2394",
"2362",
"2257",
"2399",
"2335",
"2466",
"2193",
"2239",
"2594",
"2297",
"2174",
"2248",
"2210",
"2231",
"2105",
"2123",
"2093",
"2177",
"1976",
"2002",
"1974",
"2006",
"1832",
"1873",
"1820",
"1798",
"1652",
"1613",
"1647",
"1629",
"1429",
"1384",
"1472",
"1402",
"1297",
"1251",
"1226",
"1274",
"1138",
"1100",
"1138",
"1048",
"961",
"951",
"889",
"907",
"892",
"771",
"816",
"781",
"733",
"719",
"686",
"671",
"671",
"671",
"678",
"593",
"600",
"556",
"601",
"567",
"509",
"525",
"565",
"603",
"564",
"561",
"579",
"558",
"607",
"576",
"722",
"680",
"695",
"701",
"742",
"831",
"771",
"821",
"893",
"875",
"879",
"926",
"1005",
"1044",
"1009",
"1083",
"1122",
"1218",
"1175",
"1100",
"1183",
"1185",
"1135",
"1237",
"1241",
"1207",
"1099",
"1127",
"1129",
"1151",
"975",
"997",
"1091",
"969",
"875",
"880",
"813",
"824",
"754",
"695",
"703",
"627",
"600",
"525",
"577",
"604",
"467",
"424",
"448",
"401",
"391",
"360",
"380",
"363",
"314",
"348",
"370",
"365",
"329",
"317",
"321",
"346",
"360",
"174278",
"Channel_info_start",
"Channel : Mg",
"Points : 0",
"Range : 0.000000 - 0.000000",
"Step : 0.010000",
"Channel_info_end",
"Channel_info_start",
"Channel : Al",
"Points : 0",
"Range : 0.000000 - 0.000000",
"Step : 0.010000",
"Channel_info_end",
"Channel_info_start",
"Channel : Si",
"Points : 0",
"Range : 0.000000 - 0.000000",
"Step : 0.010000",
"Channel_info_end",
"Channel_info_start",
"Channel : P ",
"Points : 0",
"Range : 0.000000 - 0.000000",
"Step : 0.010000",
"Channel_info_end",
"Channel_info_start",
"Channel : S ",
"Points : 0",
"Range : 0.000000 - 0.000000",
"Step : 0.010000",
"Channel_info_end",
"Channel_info_start",
"Channel : Cl",
"Points : 0",
"Range : 0.000000 - 0.000000",
"Step : 0.010000",
"Channel_info_end",
"Channel_info_start",
"Channel : K ",
"Points : 0",
"Range : 0.000000 - 0.000000",
"Step : 0.010000",
"Channel_info_end",
"Channel_info_start",
"Channel : Ca",
"Points : 0",
"Range : 0.000000 - 0.000000",
"Step : 0.010000",
"Channel_info_end",
"Channel_info_start",
"Channel : Ti",
"Points : 0",
"Range : 0.000000 - 0.000000",
"Step : 0.010000",
"Channel_info_end",
"Channel_info_start",
"Channel : V ",
"Points : 0",
"Range : 0.000000 - 0.000000",
"Step : 0.010000",
"Channel_info_end",
"Channel_info_start",
"Channel : Cr",
"Points : 0",
"Range : 0.000000 - 0.000000",
"Step : 0.010000",
"Channel_info_end",
"Channel_info_start",
"Channel : Mn",
"Points : 0",
"Range : 0.000000 - 0.000000",
"Step : 0.010000",
"Channel_info_end",
"Channel_info_start",
"Channel : Fe",
"Points : 0",
"Range : 0.000000 - 0.000000",
"Step : 0.010000",
"Channel_info_end",
"Channel_info_start",
"Channel : Cu",
"Points : 0",
"Range : 0.000000 - 0.000000",
"Step : 0.010000",
"Channel_info_end",
"Channel_info_start",
"Channel : Zn",
"Points : 0",
"Range : 0.000000 - 0.000000",
"Step : 0.010000",
"Channel_info_end",
"Channel_info_start",
"Channel : Sr",
"Points : 0",
"Range : 0.000000 - 0.000000",
"Step : 0.010000",
"Channel_info_end",
"Channel_info_start",
"Channel : Pb",
"Points : 0",
"Range : 0.000000 - 0.000000",
"Step : 0.010000",
"Channel_info_end",
"",
"Qualitative Result",
"--------------------------------------------------------------------------------",
"Element :  Ca, Ti, Fe, Al, Si, S , K , Cu, Zn",
"",
"Peak List",
"--------------------------------------------------------------------------------",
"Channel               Line        keV     Net Int.(cps/uA)",
"--------------------------------------------------------------------------------",
"Na                    CaLa         0.32     0.001",
"                      TiLa         0.44     0.001",
"                      FeLa         0.66     0.002",
"                      AlKa         1.51     0.002",
"                      SiKa         1.74     0.004",
"                      S Ka         2.32     0.013",
"                      K Ka         3.32     0.033",
"                      K Kb         3.66     0.005",
"                      CaKa         3.66     0.003",
"                      TiKa         4.53     0.006",
"                      FeKa         6.40     0.102",
"                      FeKb         7.04     0.014",
"                      CuKa         8.02     0.008",
"                      ZnKa         8.63     0.006",
"                      ----        19.20     0.038",
"                      ----        20.01     0.017",
"--------------------------------------------------------------------------------",
"",
"Quantitative Result",
"--------------------------------------------------------------------------------",
"Analyte               Result             Std.Dev. Proc.-Calc. Line Intensity(cps/uA)",
"--------------------------------------------------------------------------------",
"====[No. 1 Layer]====< Layer1               >===============================",
"Layer1                   0.000 ug/cm2    -------- Flux       -------- --------",
